Richiesta Utente;Risposta SQL Attesa
Mostrami tutte le transazioni di tipo 'Bolli'.; SELECT * FROM "bm-db-prototype"."input" WHERE Tipologia = 'Bolli' LIMIT 10;
Quali servizi sono stati offerti per le transazioni di 'Noleggio'?; SELECT DISTINCT Servizio FROM "bm-db-prototype"."input" WHERE Tipologia = 'Noleggio';
Elenca tutte le transazioni effettuate negli ultimi 3 mesi.; SELECT * FROM "bm-db-prototype"."input" WHERE Data >= DATE_SUB(CURRENT_DATE, INTERVAL 3 MONTH);
Quante transazioni di 'Lavaggio PickUp' ci sono?; SELECT COUNT(*) FROM "bm-db-prototype"."input" WHERE Tipologia = 'Lavaggio PickUp';
Mostrami l'importo totale delle transazioni di tipo 'Noleggio'.; SELECT SUM(Importo pieno) FROM "bm-db-prototype"."input" WHERE Tipologia = 'Noleggio';
Quali sono i fornitori utilizzati per i servizi di 'Lavaggio PickUp'?; SELECT DISTINCT Fornitore FROM "bm-db-prototype"."input" WHERE Tipologia = 'Lavaggio PickUp';
Mostrami le transazioni con un importo superiore a 100 euro.; SELECT * FROM "bm-db-prototype"."input" WHERE "Importo pieno" > 100;
Elenca tutte le transazioni del fornitore 'FornitoreA'.; SELECT * FROM "bm-db-prototype"."input" WHERE Fornitore = 'FornitoreA';
Qual è il servizio più comune per le transazioni di 'Bolli'?; SELECT Servizio, COUNT(*) FROM "bm-db-prototype"."input" WHERE Tipologia = 'Bolli' GROUP BY Servizio ORDER BY COUNT(*) DESC LIMIT 1;
Quali transazioni sono state effettuate il 2024-01-15?; SELECT * FROM "bm-db-prototype"."input" WHERE Data = '2024-01-15';
Mostrami le transazioni di 'Noleggio' ordinate per importo decrescente.; SELECT * FROM "bm-db-prototype"."input" WHERE Tipologia = 'Noleggio' ORDER BY "Importo pieno" DESC;
Quante transazioni sono state effettuate ogni mese negli ultimi 3 mesi?; SELECT DATE_TRUNC('month', Data) AS mese, COUNT(*) FROM "bm-db-prototype"."input" WHERE Data >= DATE_SUB(CURRENT_DATE, INTERVAL 3 MONTH) GROUP BY mese ORDER BY mese;
Qual è l'importo medio delle transazioni di 'Lavaggio PickUp'?; SELECT AVG("Importo pieno") FROM "bm-db-prototype"."input" WHERE Tipologia = 'Lavaggio PickUp';
Mostrami tutte le transazioni con modalità 'online'.; SELECT * FROM "bm-db-prototype"."input" WHERE Modo = 'online';
Quali sono le tipologie di transazione disponibili?; SELECT DISTINCT Tipologia FROM "bm-db-prototype"."input";
Elenca le transazioni tra il 2024-01-01 e il 2024-03-31.; SELECT * FROM "bm-db-prototype"."input" WHERE Data BETWEEN '2024-01-01' AND '2024-03-31';
Quante transazioni ha effettuato 'FornitoreB'?; SELECT COUNT(*) FROM "bm-db-prototype"."input" WHERE Fornitore = 'FornitoreB';
Mostrami tutte le transazioni con un importo esatto di 50 euro.; SELECT * FROM "bm-db-prototype"."input" WHERE "Importo pieno" = 50;
Elenca le transazioni di 'Bolli' che superano i 200 euro.; SELECT * FROM "bm-db-prototype"."input" WHERE Tipologia = 'Bolli' AND "Importo pieno" > 200;
Qual è l'importo totale delle transazioni effettuate da 'FornitoreC'?; SELECT SUM("Importo pieno") FROM "bm-db-prototype"."input" WHERE Fornitore = 'FornitoreC';
Mostrami le transazioni senza un fornitore specificato.; SELECT * FROM "bm-db-prototype"."input" WHERE Fornitore IS NULL;
Quali transazioni sono state effettuate il 2024-02-20 con servizio 'ServizioX'?; SELECT * FROM "bm-db-prototype"."input" WHERE Data = '2024-02-20' AND Servizio = 'ServizioX';
Elenca i fornitori che hanno effettuato transazioni di 'Noleggio'.; SELECT DISTINCT Fornitore FROM "bm-db-prototype"."input" WHERE Tipologia = 'Noleggio';
Quante transazioni ci sono per ogni tipo di servizio?; SELECT Servizio, COUNT(*) FROM "bm-db-prototype"."input" GROUP BY Servizio;
Qual è la transazione con l'importo più alto?; SELECT * FROM "bm-db-prototype"."input" ORDER BY "Importo pieno" DESC LIMIT 1;
Mostrami tutte le transazioni della settimana scorsa.; SELECT * FROM "bm-db-prototype"."input" t WHERE t."Data" BETWEEN DATE_SUB(CURRENT_DATE, INTERVAL 1 WEEK) AND CURRENT_DATE LIMIT 10;
Qual è il tipo di transazione meno comune?; SELECT Tipologia, COUNT(*) FROM "bm-db-prototype"."input" GROUP BY Tipologia ORDER BY COUNT(*) ASC LIMIT 1;
Elenca tutte le transazioni di 'Lavaggio PickUp' ordinate per data.; SELECT * FROM "bm-db-prototype"."input" WHERE Tipologia = 'Lavaggio PickUp' ORDER BY Data;
Quante transazioni ci sono state in ciascun mese di quest'anno?; SELECT DATE_FORMAT("Data", \'%Y-%m\') AS "Mese", COUNT(1) AS "Transazioni" FROM "bm-db-prototype"."input" WHERE "Data" >= \'2023-01-01\' AND "Data" < \'2024-01-01\' GROUP BY DATE_FORMAT("Data", \'%Y-%m\') ORDER BY "Mese" LIMIT 10;
Mostrami tutte le transazioni che non hanno un servizio associato.; SELECT * FROM "bm-db-prototype"."input" WHERE Servizio IS NULL;
Quali servizi sono stati offerti da 'FornitoreD'?; SELECT DISTINCT Servizio FROM "bm-db-prototype"."input" WHERE Fornitore = 'FornitoreD';
Elenca le transazioni di 'Bolli' tra 50 e 150 euro.; SELECT * FROM "bm-db-prototype"."input" WHERE Tipologia = 'Bolli' AND "Importo pieno" BETWEEN 50 AND 150;
Mostrami le transazioni che sono state create in un giorno festivo.; SELECT * FROM "bm-db-prototype"."input" i WHERE DATE_FORMAT(i."Data", \'%Y-%m-%d\') IN (SELECT date FROM (SELECT date, DAYOFWEEK(date) AS day_of_week FROM (SELECT CAST("Data" AS DATE) AS date FROM "bm-db-prototype"."input") t WHERE day_of_week IN (1, 7)) t2 WHERE day_of_week IN (1, 7)) LIMIT 10;
Qual è il totale delle transazioni di 'Noleggio' per il mese di marzo?; SELECT SUM("Importo pieno") AS total_amount  FROM "bm-db-prototype"."input" WHERE "Tipologia" = \'Noleggio\'  AND "Data" BETWEEN \'2023-03-01\' AND \'2023-03-31\' LIMIT 10;
Mostrami le transazioni più recenti per 'FornitoreE'.; SELECT * FROM "bm-db-prototype"."input" WHERE Fornitore = 'FornitoreE' ORDER BY Data DESC LIMIT 5;
Qual è l'importo medio delle transazioni per ciascun fornitore?; SELECT Fornitore, AVG("Importo pieno") FROM "bm-db-prototype"."input" GROUP BY Fornitore;
Elenca tutte le transazioni di 'Lavaggio PickUp' per il fornitore 'FornitoreF'.; SELECT * FROM "bm-db-prototype"."input" WHERE Tipologia = 'Lavaggio PickUp' AND Fornitore = 'FornitoreF';
Quali sono le tipologie di transazione per cui non ci sono servizi associati?; SELECT Tipologia FROM "bm-db-prototype"."input" WHERE Servizio IS NULL GROUP BY Tipologia;
Mostrami le transazioni effettuate con modalità 'offline' in gennaio.; SELECT * FROM "bm-db-prototype"."input" WHERE Modo = 'offline' AND Data >= '2024-01-01' AND Data < '2024-02-01';
Qual è l'importo totale delle transazioni fatte in data 2024-02-14?; SELECT SUM("Importo pieno") FROM "bm-db-prototype"."input" WHERE Data = '2024-02-14';
Elenca le transazioni per ogni fornitore e tipologia.; SELECT "Fornitore", "Tipologia", COUNT(1) AS "Numero transazioni" FROM "bm-db-prototype"."input" GROUP BY "Fornitore", "Tipologia" ORDER BY "Numero transazioni" DESC LIMIT 10;
Mostrami le ultime 10 transazioni registrate.; SELECT * FROM "bm-db-prototype"."input" ORDER BY Data DESC LIMIT 10;
Qual è l'importo massimo delle transazioni di 'Noleggio'?; SELECT MAX("Importo pieno") FROM "bm-db-prototype"."input" WHERE Tipologia = 'Noleggio';
Quante transazioni hanno avuto un importo pari a zero?; SELECT COUNT(*) FROM "bm-db-prototype"."input" WHERE "Importo pieno" = 0;
Genera una tabella che mostra tutte le transazioni effettuate nell'ultimo mese, ordinate per data; SELECT * FROM "bm-db-prototype"."input" t WHERE t."Data" >= DATE_SUB(CURRENT_DATE, INTERVAL 1 MONTH) ORDER BY t."Data" ASC LIMIT 10;
Genera un grafico a barre che mostra l'importo totale delle transazioni per ogni fornitore; SELECT "Fornitore", SUM("Importo pieno") AS "Importo totale"  FROM "bm-db-prototype"."input" GROUP BY "Fornitore" ORDER BY "Importo totale" DESC LIMIT 10;
Crea una tabella che elenca e non raggruppi le transazioni per tipo ('Tipologia') negli ultimi 3 mesi; SELECT * FROM input WHERE Data >= DATE_SUB(CURRENT_DATE, INTERVAL 3 MONTH) ORDER BY Tipologia;
Genera un grafico a torta per rappresentare la percentuale di ciascuna tipologia di transazione; SELECT "Tipologia", round(100.0 * count(*) / (SELECT count(*) FROM "bm-db-prototype"."input"), 2) as "Percentuale" FROM "bm-db-prototype"."input" GROUP BY "Tipologia" ORDER BY "Percentuale" DESC LIMIT 10;
Crea una tabella che elenca i 5 fornitori principali per importo totale delle transazioni; SELECT "Fornitore", SUM("Importo pieno") AS "Importo totale" FROM "bm-db-prototype"."input" GROUP BY "Fornitore" ORDER BY "Importo totale" DESC LIMIT 5;
Genera un grafico a linee che mostra l'andamento del totale delle transazioni per ogni mese; SELECT DATE_FORMAT("Data", \'%Y-%m\') AS "Mese", SUM("Importo pieno") AS "Totale"  FROM "bm-db-prototype"."input" WHERE "Data" >= DATE_SUB(CURRENT_DATE(), INTERVAL 3 MONTH) GROUP BY "Mese" ORDER BY "Mese" LIMIT 10;
Crea una tabella che mostra la distribuzione, in termini di numeri di elementi, dei metodi di utilizzo ('Modo') per ciascuna tipologia di transazione; SELECT Tipologia, Modo, COUNT(*) as Numero_Transazioni FROM input GROUP BY Tipologia, Modo;
Genera un grafico a barre che mostra il numero di transazioni per ciascun servizio ('Servizio'); SELECT "Servizio", COUNT(1) AS "Numero Transazioni"  FROM "bm-db-prototype"."input" GROUP BY "Servizio" ORDER BY "Numero Transazioni" DESC LIMIT 10;
Crea una tabella che riassume le transazioni con un importo maggiore di 500 negli ultimi 3 mesi; SELECT Tipologia, Servizio, Fornitore, Data, “Importo pieno” FROM input WHERE “Importo pieno” > 500 AND Data >= DATE_SUB(CURRENT_DATE, INTERVAL 3 MONTH);
Genera un grafico a barre che rappresenta il numero di transazioni per ciascun fornitore, ordinate in ordine decrescente; SELECT "Fornitore", COUNT(1) AS "Numero Transazioni"  FROM "bm-db-prototype"."input" GROUP BY "Fornitore" ORDER BY "Numero Transazioni" DESC LIMIT 10;
Crea una tabella che elenca tutte le transazioni con il fornitore 'Fornitore X'; SELECT * FROM "bm-db-prototype"."input" t WHERE t."Fornitore" = \'Fornitore X\' LIMIT 10;
Genera un grafico a torta che mostra la distribuzione delle transazioni per ciascun metodo di utilizzo ('Modo'); SELECT "Modo", COUNT(1) AS count \nFROM \\"bm-db-prototype\\".\\"input\\"\nGROUP BY "Modo"\nORDER BY count DESC\nLIMIT 10;
Crea una tabella che mostra le transazioni con importo maggiore della media; SELECT "Importo pieno" FROM "bm-db-prototype"."input" WHERE "Importo pieno" > (SELECT AVG("Importo pieno") FROM "bm-db-prototype"."input") LIMIT 10;
Genera un grafico a linee che mostra l'importo totale delle transazioni per giorno nell'ultimo mese; SELECT Data, SUM(“Importo pieno”) as Totale_Importo FROM input WHERE Data >= DATE_SUB(CURRENT_DATE, INTERVAL 1 MONTH) GROUP BY Data;
Crea una tabella che mostra il totale delle transazioni per tipologia ('Tipologia') e fornitore ('Fornitore'); SELECT "Tipologia", "Fornitore", SUM("Importo pieno") AS "Totale"  FROM "bm-db-prototype"."input" GROUP BY "Tipologia", "Fornitore" ORDER BY "Totale" DESC LIMIT 10;
Genera un grafico a barre per mostrare il numero di transazioni per ciascuna combinazione di 'Tipologia' e 'Servizio'; SELECT "Tipologia", "Servizio", COUNT(1) AS "Numero Transazioni"  FROM "bm-db-prototype"."input" GROUP BY "Tipologia", "Servizio" ORDER BY "Numero Transazioni" DESC LIMIT 10;
Crea una tabella che elenca le transazioni relative a 'Bolli' effettuate negli ultimi 3 mesi; SELECT Tipologia, Fornitore, Data, “Importo pieno” FROM input WHERE Tipologia = 'Bolli' AND Data >= DATE_SUB(CURRENT_DATE, INTERVAL 3 MONTH);
Genera un grafico a barre che mostra l'importo medio delle transazioni per ciascun fornitore; SELECT "Fornitore", AVG("Importo pieno") AS "Importo medio"  FROM "bm-db-prototype"."input" GROUP BY "Fornitore" LIMIT 10;
Crea una tabella che mostra le transazioni per 'Modo' e il relativo importo totale; SELECT "Modo", SUM("Importo pieno") AS "Importo totale"  FROM "bm-db-prototype"."input" GROUP BY "Modo" LIMIT 10;
Genera un grafico a torta che mostra la distribuzione, in termini percentuali, delle transazioni per 'Tipologia' nell'ultimo mese; SELECT Tipologia, COUNT(*) * 100.0 / (SELECT COUNT(*) FROM input WHERE Data >= DATE_SUB(CURRENT_DATE, INTERVAL 1 MONTH)) AS Percentuale FROM input WHERE Data >= DATE_SUB(CURRENT_DATE, INTERVAL 1 MONTH) GROUP BY Tipologia;
Mi interessa vedere un grafico che mostra le transazioni per fornitore nell'ultimo trimestre; SELECT * FROM "bm-db-prototype"."input" WHERE "Data" >= DATE_SUB(CURRENT_DATE, INTERVAL 3 MONTH) GROUP BY "Fornitore" LIMIT 10;
Aggiungi anche il totale per ciascun fornitore.; SELECT "Fornitore", SUM("Importo pieno") AS "Totale" FROM "bm-db-prototype"."input" WHERE "Data" >= DATE_SUB(CURRENT_DATE, INTERVAL 3 MONTH) GROUP BY "Fornitore" LIMIT 10;
Vorrei analizzare il trend dei servizi offerti nell'ultimo anno. Un grafico mensile sarebbe ottimo; SELECT DATE_FORMAT("Data", \'%Y-%m\') AS "Mese", "Servizio", COUNT(*) AS "Conteggio" FROM "bm-db-prototype"."input" WHERE "Data" >= DATE_SUB(CURRENT_DATE(), INTERVAL 1 YEAR) GROUP BY "Mese", "Servizio" ORDER BY "Mese", "Conteggio" DESC LIMIT 10;
Mostra anche il conteggio dei servizi alla precedente richiesta?; SELECT MONTH(Data) AS Mese, Servizio, COUNT(*) AS NumeroServizi FROM input WHERE Data >= DATEADD(YEAR, -1, GETDATE()) GROUP BY MONTH(Data), Servizio ORDER BY Mese;
Vorrei un grafico che confronti le transazioni tra le diverse tipologie negli ultimi sei mesi.; SELECT Tipologia, COUNT(*) AS NumeroTransazioni FROM input WHERE Data >= DATEADD(MONTH, -6, GETDATE()) GROUP BY Tipologia;
sarebbe utile avere anche i dettagli di fornitore e servizio per la precedente richiesta.; SELECT Tipologia, COUNT(*) AS NumeroTransazioni, MAX("Fornitore"), MAX("Servizio") FROM input WHERE Data >= DATEADD(MONTH, -6, GETDATE()) GROUP BY Tipologia;
Mi interessa un grafico che mostri l'importo medio delle transazioni per ogni servizio nell'ultimo mese.; SELECT "Servizio", AVG("Importo pieno") AS "Importo medio"  FROM "bm-db-prototype"."input" WHERE "Data" >= DATE_SUB(CURRENT_DATE, INTERVAL 1 MONTH) GROUP BY "Servizio" LIMIT 10;
Vorrei un grafico che mostri le transazioni suddivise per metodo nell'ultimo trimestre.; SELECT "Modo", COUNT(1) AS "Numero transazioni" FROM "bm-db-prototype"."input" WHERE "Data" >= DATE_SUB(CURRENT_DATE, INTERVAL 3 MONTH) GROUP BY "Modo" LIMIT 10;
Mi piacerebbe avere un grafico che mostri l'andamento delle transazioni mese per mese negli ultimi 12 mesi.; SELECT DATE_FORMAT("Data", \'%Y-%m\') AS "Mese", COUNT(1) AS "Transazioni"  FROM "bm-db-prototype"."input" WHERE "Data" >= DATE_SUB(CURRENT_DATE(), INTERVAL 12 MONTH) GROUP BY DATE_FORMAT("Data", \'%Y-%m\') ORDER BY "Mese" LIMIT 10;
Vorrei un grafico che mostra le transazioni per fornitore e tipologia nell'ultimo mese.; SELECT "Fornitore", "Tipologia", COUNT(1) AS "Numero Transazioni" FROM "bm-db-prototype"."input" WHERE "Data" >= DATE_SUB(CURRENT_DATE, INTERVAL 1 MONTH) GROUP BY "Fornitore", "Tipologia" ORDER BY "Numero Transazioni" DESC LIMIT 10
Aggiungi anche dettagli delle transazioni per ogni fornitore e tipologia; SELECT "Fornitore", "Tipologia", COUNT(1) AS "Numero Transazioni", SUM("Importo pieno") AS "Importo Totale" FROM "bm-db-prototype"."input" GROUP BY "Fornitore", "Tipologia" ORDER BY "Numero Transazioni" DESC LIMIT 10;
Ciao;Ciao! Come posso aiutarti oggi?;
mi generi una tabella per tipologia, fornitore e importo pieno;SELECT "Tipologia", "Fornitore", "Importo pieno" FROM "bm-db-prototype"."input" LIMIT 10;
mi elimini il campo fornitore;SELECT "Tipologia", "Importo pieno" FROM "bm-db-prototype"."input" LIMIT 10;
mi aggiungi di nuovo il campo fornitore e mi raggruppi per importo pieno?;SELECT "Tipologia", "Fornitore", "Importo pieno" FROM "bm-db-prototype"."input" GROUP BY "Importo pieno", "Tipologia", "Fornitore" LIMIT 10;
fantastico;Grazie, sono lieto di poter essere d'aiuto! Come posso assisterti oggi?;
mi crei una tabella che mi raggruppi per tipologia e importo pieno e mi conti il numero di elementi?;SELECT "Tipologia", "Importo pieno", COUNT(*) as numero_elementi FROM "bm-db-prototype"."input" GROUP BY "Tipologia", "Importo pieno" LIMIT 10;
mi sommi per importo pieno alla precedente richiesta?;SELECT "Tipologia", "Importo pieno", COUNT(*) as numero_elementi FROM "bm-db-prototype"."input" GROUP BY "Tipologia", "Importo pieno" LIMIT 10;
no, alla precedente richiesta mi elimini il raggruppamento per importo pieno e invece ne fai la somma?;SELECT Tipologia, Servizio, Modo, Fornitore, Data, SUM("Importo pieno") AS "Importo pieno"  FROM "bm-db-prototype"."input" ORDER BY "Importo pieno" DESC LIMIT 10;
ottimo, è ciò che volevo;Grazie per il feedback positivo! Sono lieto di essere stato d'aiuto. Non esiti a chiedere se ha altre richieste.;
mi crei una tabella con i dati degli ultimi 3 mesi?;SELECT * FROM "bm-db-prototype"."input" WHERE "Data" >= DATE_SUB(CURRENT_DATE, INTERVAL 3 MONTH) ORDER BY "Data" DESC LIMIT 10;
e degli ultimi 5 mesi?;Mi dispiace, ma non è possibile generare una query per un intervallo di 5 mesi. La regola specificata per il campo 'Data' limita l'intervallo massimo a 3 mesi.;
allora mi dai la tipologia e importo pieno raggruppati per mese degli ultimi 3 mesi;SELECT "Tipologia", DATE_TRUNC('month', "Data") AS Mese, SUM("Importo pieno") AS "Importo totale" FROM "bm-db-prototype"."input" WHERE "Data" >= DATE_ADD('month', -3, CURRENT_DATE) GROUP BY "Tipologia", DATE_TRUNC('month', "Data") ORDER BY Mese DESC, "Tipologia" LIMIT 10.;
rispetto alla precedente richiesta, mi puoi indicare nella colonna mese il nome e non la data?;SELECT CASE WHEN "Data" BETWEEN \'2024-01-01\' AND \'2024-01-31\' THEN \'Gennaio\' WHEN "Data" BETWEEN \'2024-02-01\' AND \'2024-02-29\' THEN \'Febbraio\' WHEN "Data" BETWEEN \'2024-03-01\' AND \'2024-03-31\' THEN \'Marzo\' WHEN "Data" BETWEEN \'2024-04-01\' AND \'2024-04-30\' THEN \'Aprile\' WHEN "Data" BETWEEN \'2024-05-01\' AND \'2024-05-31\' THEN \'Maggio\' WHEN "Data" BETWEEN \'2024-06-01\' AND \'2024-06-30\' THEN \'Giugno\' WHEN "Data" BETWEEN \'2024-07-01\' AND \'2024-07-31\' THEN \'Luglio\' WHEN "Data" BETWEEN \'2024-08-01\' AND \'2024-08-31\' THEN \'Agosto\' WHEN "Data" BETWEEN \'2024-09-01\' AND \'2024-09-30\' THEN \'Settembre\' WHEN "Data" BETWEEN \'2024-10-01\' AND \'2024-10-31\' THEN \'Ottobre\' WHEN "Data" BETWEEN \'2024-11-01\' AND \'2024-11-30\' THEN \'Novembre\' WHEN "Data" BETWEEN \'2024-12-01\' AND \'2024-12-31\' THEN \'Dicembre\' END AS Mese, "Tipologia", SUM("Importo pieno") AS "Importo totale" FROM "bm-db-prototype"."input" GROUP BY "Tipologia", DATE_TRUNC('month', "Data") LIMIT 10;
ottimo, è ciò che volevo;Grazie per il feedback positivo! Sono lieto di essere stato d'aiuto. Non esiti a chiedere se ha altre richieste.;
mi crei una tabella dove mi raggruppi per tipologia e mi concateni i campi fornitori e importo in un’unica colonna chiamata descrizione?;SELECT "Tipologia", CONCAT("Fornitore", \' - \', CAST("Importo pieno" AS VARCHAR)) AS "descrizione" FROM "bm-db-prototype"."input" GROUP BY "Tipologia" LIMIT 10;
ma il raggruppamento lo voglio solo per tipologia, per la precedente richiesta, con seperatore ,;SELECT "Tipologia", GROUP_CONCAT(CONCAT("Fornitore", ' - ', CAST("Importo pieno" AS VARCHAR)) SEPARATOR ',') AS descrizione FROM "bm-db-prototype"."input" GROUP BY "Tipologia" LIMIT 10;
la risposta non è valida;Mi dispiace che la risposta precedente non sia stata soddisfacente. Posso provare a fornire una risposta migliore se mi fornisci maggiori dettagli sulla tua richiesta. Sono qui per aiutarti nel modo migliore possibile.;
no scusami, è giusta. Grazie mille;Grazie per il feedback positivo! Sono lieto di essere stato d'aiuto. Non esiti a chiedere se ha altre richieste.;
mi crei una tabella per tipologia e mi filtri per la tipologia con valore 'pop';Il valore 'pop' non è presente nell'elenco delle tipologie valide per la colonna 'Tipologia'. Le tipologie valide sono: 'Bolli', 'Noleggio', 'Lavaggio PickUp'.;
mi filtri per tipologia ‘f’;Il valore ‘f’ non è presente nell'elenco delle tipologie valide per la colonna 'Tipologia'. Le tipologie valide sono: 'Bolli', 'Noleggio', 'Lavaggio PickUp'.;
mi filtri per;La richiesta non è completa. Per favore, specifica per quale campo o valore desideri filtrare.;
mi filtri per la tipologia bolli e noleggio?;SELECT * FROM "bm-db-prototype"."input" WHERE "Tipologia" IN ('Bolli', 'Noleggio') LIMIT 10;
alla precedente richiesta, mi aggiungi un campo dettaglio dove se la tipologia è bolli concateni servizio e fornitore insieme o se è noleggio data e fornitore?;SELECT *, CASE WHEN "Tipologia" = 'Bolli' THEN CONCAT('aggregazione servizio ', "Fornitore") WHEN "Tipologia" = 'Noleggio' THEN CONCAT(CAST("Data" AS VARCHAR), ' ', "Fornitore") ELSE NULL END AS dettaglio FROM "bm-db-prototype"."input" LIMIT 10
sempre alla precedente richiesta, mi aggiungi un campo dettaglio dove se la tipologia è bolli concateni servizio e fornitore insieme o se è noleggio data e fornitore o negli altri casi scrivi 'nessun dettaglio'?;SELECT *, CASE WHEN "Tipologia" = 'Bolli' THEN CONCAT("Servizio", ' ', "Fornitore") WHEN "Tipologia" = 'Noleggio' THEN CONCAT(CAST("Data" AS VARCHAR), ' ', "Fornitore") ELSE 'nessun dettaglio' END AS dettaglio FROM "bm-db-prototype"."input" LIMIT 10;
la precedente richiesta è una tabella, me la replichi?;SELECT *, CASE WHEN "Tipologia" = 'Bolli' THEN CONCAT("Servizio", ' ', "Fornitore") WHEN "Tipologia" = 'Noleggio' THEN CONCAT(CAST("Data" AS VARCHAR), ' ', "Fornitore") ELSE 'nessun dettaglio' END AS dettaglio FROM "bm-db-prototype"."input" LIMIT 10;
mi crei una tabella che raggruppi per tipologia solo quelli con l'importe maggiore di 10?;SELECT "Tipologia", SUM("Importo pieno") AS "Somma Importo" FROM "bm-db-prototype"."input" GROUP BY "Tipologia" HAVING SUM("Importo pieno") > 10 LIMIT 10;
la precedente richiesta, me la cambi con la somma dell’importo minore di 10??;SELECT "Tipologia", SUM("Importo pieno") AS "Somma Importo" FROM "bm-db-prototype"."input" GROUP BY "Tipologia" HAVING SUM("Importo pieno") < 10 LIMIT 10;
mi crei una tabella dove fornitore è vuoto o nullo e mi generi l'importo totale per queste due situazioni?;SELECT CASE WHEN "Fornitore" IS NULL THEN \'Fornitore Nullo\' WHEN "Fornitore" = \'\' THEN \'Fornitore Vuoto\' END AS "Fornitore", SUM("Importo pieno") AS "Importo Totale" FROM "bm-db-prototype"."input" WHERE "Fornitore" IS NULL OR "Fornitore" = \'\' GROUP BY "Fornitore" LIMIT 10;
mi ripeti l’ultima richiesta?;SELECT CASE WHEN "Fornitore" IS NULL THEN \'Fornitore Nullo\' WHEN "Fornitore" = \'\' THEN \'Fornitore Vuoto\' END AS "Fornitore", SUM("Importo pieno") AS "Importo Totale" FROM "bm-db-prototype"."input" WHERE "Fornitore" IS NULL OR "Fornitore" = \'\' GROUP BY "Fornitore" LIMIT 10;
mi cambi quel campo con un altro?;Mi dispiace, ma non ho abbastanza informazioni per capire cosa vuoi modificare. Potresti fornirmi più dettagli sulla tabella e il campo che vorresti cambiare? Sarò lieto di aiutarti non appena avrò maggiori informazioni.;
mi ripeti l'ultima richiesta ma per considerando solo gli ultimi 6 mesi?;SELECT CASE WHEN "Fornitore" IS NULL THEN \'Fornitore Nullo\' WHEN "Fornitore" = \'\' THEN \'Fornitore Vuoto\' END AS "Fornitore", SUM("Importo pieno") AS "Importo Totale" FROM "bm-db-prototype"."input" WHERE ("Fornitore" IS NULL OR "Fornitore" = \'\') AND "Data" >= DATE_SUB(CURRENT_DATE(), INTERVAL 6 MONTH) GROUP BY "Fornitore" LIMIT 10;
non lo puoi fare per gli ultimi 6 mesi;Scusami, ma non posso generare una query SQL per gli ultimi 6 mesi in quanto la regola di validazione per il campo 'Data' specifica un intervallo massimo di 3 mesi. Posso invece provare a generare una query per un intervallo di tempo più breve, se lo desideri.;
mi ordini per data e mi restituisci solo i campi tipologia, importo e servizio?;SELECT "Tipologia", "Importo pieno", "Servizio" FROM "bm-db-prototype"."input" ORDER BY "Data" LIMIT 10;
mi aggiungi anche il campo data?;SELECT "Tipologia", "Importo pieno", "Servizio", "Data" FROM "bm-db-prototype"."input" ORDER BY "Data" LIMIT 10;
mi restituisci solo i dati dall'intervallo di date che va da gennaio a marzo 2024?;SELECT "Tipologia", "Importo pieno", "Servizio", "Data" FROM "bm-db-prototype"."input" WHERE "Data" BETWEEN DATE '2024-01-01' AND DATE '2024-03-31' ORDER BY "Data" LIMIT 10;
anzi mi ripeti l'ultima richiesta da gennaio a maggio 2024;La richiesta non può essere soddisfatta perché il campo 'Data' ha una regola che limita l'intervallo massimo a 3 mesi. L'intervallo da gennaio a maggio 2024 supera questo limite.;
mi crei una nuova tabella con la tipologia che ha 3 importi maggiori di 1 nell'intervallo date da gennaio a marzo 2024?;SELECT "Tipologia", COUNT() as conteggio FROM "bm-db-prototype"."input" WHERE "Data" BETWEEN DATE '2024-01-01' AND DATE '2024-03-31' AND "Importo pieno" > 1 GROUP BY "Tipologia" HAVING COUNT() >= 3 ORDER BY conteggio DESC LIMIT 10;
mi restituisci la tipologia e la media per tutte le righe che hanno la tipologia "Bolli" e la cui media degli importi supera 1.5 per l'intervallo date da gennaio a marzo 2024?;SELECT "Tipologia", AVG("Importo pieno") as media_importi FROM "bm-db-prototype"."input" WHERE "Tipologia" = 'Bolli' AND "Data" BETWEEN DATE '2024-01-01' AND DATE '2024-03-31' GROUP BY "Tipologia" HAVING AVG("Importo pieno") > 1.5 LIMIT 10;
mi crei una tabella che restituisce l'id e la tipologia per ogni riga in cui l'ammontare dell'importo pieno è minore dell'importo medio per ogni tipologia;SELECT t."id", t."Tipologia" FROM "bm-db-prototype"."input" t JOIN (SELECT "Tipologia", AVG("Importo pieno") as avg_importo FROM "bm-db-prototype"."input" GROUP BY "Tipologia") avg_table ON t."Tipologia" = avg_table."Tipologia" WHERE t."Importo pieno" < avg_table.avg_importo LIMIT 10
mi crei una tabella con i campi stato e gioco per l'insieme di input dati?;I campi 'stato' e 'gioco' non sono presenti nello schema del database fornito. La tabella 'input' contiene i campi: id, Tipologia, Servizio, Modo, Fornitore, Data, e 'Importo pieno'. Per favore, specifica i campi corretti o fornisci ulteriori dettagli sulla tua richiesta.
bravo, ma mi puoi completamente generare il campo tipolog;Grazie per il complimento! Capisco che vuoi generare completamente il campo 'Tipologia'. Basandomi sullo schema fornito, posso dirti che il campo 'Tipologia' è di tipo stringa e ha dei valori predefiniti (enums). I valori possibili sono: 'Bolli', 'Noleggio', e 'Lavaggio PickUp'. Vuoi che generi una query SQL che mostri tutti i valori distinti di questo campo presenti nella tabella?
hai ragione, mi metti in relazione il campo tipologia con il campo fornitore, valorizzando il campo o lasciandolo vuoto?;SELECT "Tipologia", "Fornitore", CASE WHEN "Fornitore" IS NULL OR "Fornitore" = '' THEN 'Vuoto' ELSE 'Valorizzato' END AS "Stato_Fornitore" FROM "bm-db-prototype"."input" LIMIT 10
